date,D_days,tau,n_strikes,alpha,rho,nu,vol_rmse
2023-02-01,2,0.005479452054794521,55,0.2759709500999234,0.1,3.0,0.12667213912809297
2023-02-01,5,0.0136986301369863,34,0.18583583084464267,0.1,3.0,0.05364292900116865
2023-02-01,6,0.01643835616438356,40,0.18276090908034368,0.1,3.0,0.03811921449184413
2023-02-01,7,0.019178082191780823,44,0.17537603249688288,0.1,3.0,0.01996601043720454
2023-02-01,8,0.021917808219178082,50,0.17879621078984337,0.1,3.0,0.0227942388702393
2023-02-01,9,0.024657534246575342,69,0.1745076192334404,0.1,3.0,0.03143685665284685
2023-02-01,12,0.03287671232876712,56,0.15421231017899054,-0.0722073263785233,3.0,0.012421599506582908
2023-02-01,13,0.03561643835616438,63,0.1700759646994868,-0.1096927169150671,3.0,0.012481379701814826
2023-02-01,14,0.038356164383561646,64,0.1648600267656037,-0.24848813708542672,2.9285777694546087,0.006253416590699444
2023-02-01,15,0.0410958904109589,71,0.1664513425617073,-0.25421167094287445,3.0,0.0072373980894343635
2023-02-01,16,0.043835616438356165,352,0.16727516379702578,0.1,3.0,0.046315384501002324
2023-02-01,20,0.0547945205479452,66,0.15122302876730606,-0.29590905937974815,2.760846895002037,0.0058642330132956414
2023-02-01,21,0.057534246575342465,77,0.15335218016464636,-0.3514033760552758,2.541119439227967,0.004218722846032501
2023-02-01,22,0.06027397260273973,63,0.15310658955130269,-0.3674773458931446,2.8128119990306812,0.005604109651741012
2023-02-01,23,0.06301369863013699,113,0.15201573357077958,-0.3395212729953386,2.6505668315656497,0.00666971864351078
2023-02-01,26,0.07123287671232877,86,0.1482608855320538,-0.34997413608934913,2.4095770987963276,0.005032565203917362
2023-02-01,27,0.07397260273972603,157,0.1447503013338426,-0.4034026845829092,2.380894151689224,0.0068429955620413945
2023-02-01,28,0.07671232876712329,44,0.14944255094288486,-0.4201176210454215,2.3522419550599025,0.004539626967493722
2023-02-01,29,0.07945205479452055,48,0.15110362205675643,-0.4046512262421811,2.3652542458142367,0.0056263434570395935
2023-02-01,30,0.0821917808219178,117,0.1517564012152802,-0.41752080941391884,2.2002269856392047,0.005112443792103148
2023-02-01,33,0.09041095890410959,88,0.14827774897860632,-0.41767602305872753,2.187839653268298,0.003946901642963929
2023-02-01,37,0.10136986301369863,82,0.15455163229704277,-0.46584510996356404,2.0589105002836607,0.0041503634282308265
2023-02-01,44,0.12054794520547946,502,0.14747417889266562,-0.4055130926758697,2.369859518157306,0.01385563761152353
2023-02-01,51,0.13972602739726028,65,0.16513115858812374,-0.5323025818022283,1.7521966096895263,0.003696664400416105
2023-02-01,58,0.1589041095890411,285,0.159533202077512,-0.49995726316640404,1.7746080418143781,0.006803388999917608
2023-02-01,79,0.21643835616438356,490,0.15868110562789212,-0.5641268948353741,1.732895514834175,0.005751642648488745
2023-02-01,86,0.2356164383561644,272,0.1617309130901542,-0.6421570259980063,1.5836417048292397,0.001361702403025789
2023-02-01,107,0.29315068493150687,459,0.1612689210486568,-0.6035970261338199,1.4905250399621361,0.0055830115900766504
2023-02-01,119,0.32602739726027397,139,0.1628679121513945,-0.6728232825665854,1.3114458295648033,0.0018013091399834392
2023-02-01,135,0.3698630136986301,438,0.16435070190504647,-0.6375267166077111,1.3018838115350266,0.004942302287994309
2023-02-01,149,0.40821917808219177,292,0.16600723813564763,-0.6925017847086079,1.2533490683496695,0.00204143957464924
2023-02-01,170,0.4657534246575342,186,0.1658795158274176,-0.6867290105862328,1.2455109036752587,0.0027585242330293944
2023-02-01,180,0.4931506849315068,123,0.16876374335499733,-0.7120071120857113,1.1372488477314542,0.001861374907059268
2023-02-01,198,0.5424657534246575,117,0.16743342314241616,-0.6942995304370496,1.101568846585654,0.00315170831097338
2023-02-02,4,0.010958904109589041,44,0.17236254837983228,0.1,3.0,0.059543908072469405
2023-02-02,5,0.0136986301369863,53,0.16989252002528227,0.1,3.0,0.04131976786419844
2023-02-02,6,0.01643835616438356,54,0.16491622897725072,0.1,3.0,0.02165057333431996
2023-02-02,7,0.019178082191780823,64,0.16686249973660774,0.1,3.0,0.023851691971050863
2023-02-02,8,0.021917808219178082,69,0.16927463275883858,0.1,3.0,0.03280617560436851
2023-02-02,11,0.030136986301369864,66,0.14397463460142634,0.1,3.0,0.012975818908855444
2023-02-02,12,0.03287671232876712,74,0.16297040769493876,0.1,2.9482307432805372,0.01605800056809194
2023-02-02,13,0.03561643835616438,76,0.1655531910903839,0.1,2.1482387195263817,0.013433254808212605
2023-02-02,14,0.038356164383561646,86,0.16924178065615872,0.04186510693032043,2.3523100003972934,0.012436274424371566
2023-02-02,15,0.0410958904109589,364,0.16816287150220832,0.1,3.0,0.046247163250375145
2023-02-02,19,0.052054794520547946,77,0.15434451554527934,0.025669120044800164,2.0509076368234793,0.010736797427674269
2023-02-02,20,0.0547945205479452,86,0.15494601983155384,-0.09664617707808733,1.7705653936069876,0.00907874311793313
2023-02-02,21,0.057534246575342465,75,0.15207428570338727,-0.19396320698808056,2.4369157636604535,0.005799596513414854
2023-02-02,22,0.06027397260273973,122,0.1534662870297646,-0.13863425790823017,2.109260233193304,0.011794933778607047
2023-02-02,25,0.0684931506849315,95,0.14965918579526213,-0.12440581935077748,1.8041876299470623,0.010462186705430603
2023-02-02,26,0.07123287671232877,158,0.1440025656691856,-0.20938128077426194,1.8684841883694028,0.011435980272730765
2023-02-02,27,0.07397260273972603,78,0.14875507253618742,-0.27395882888502693,1.8612323254558967,0.006477831002712163
2023-02-02,28,0.07671232876712329,48,0.15251657124675677,-0.24466122685334296,1.89370153512073,0.00859737034023449
2023-02-02,29,0.07945205479452055,125,0.15179167308935032,-0.3036184949957563,1.8027062044278028,0.009381174477135747
2023-02-02,32,0.08767123287671233,97,0.1462168554698698,-0.2813597931414461,1.9134088232781103,0.0066124854155871346
2023-02-02,36,0.09863013698630137,88,0.1530460945814654,-0.34125063627585545,1.8561530971414657,0.009674652522517674
2023-02-02,39,0.10684931506849316,48,0.1491919343958862,-0.37116770880232103,1.8321782505712982,0.004797293036687159
2023-02-02,43,0.1178082191780822,518,0.1465001568278965,-0.26377286182812343,2.1442171351528216,0.01861622394990283
2023-02-02,50,0.136986301369863,65,0.16862012548171823,-0.479853397193507,1.4472259425504657,0.009078806776088647
2023-02-02,57,0.15616438356164383,293,0.16106722278871127,-0.4262644613196632,1.5578312025202767,0.014277463719385207
2023-02-02,78,0.2136986301369863,516,0.1601585035188815,-0.505421116358563,1.572875274419123,0.009699125584640407
2023-02-02,85,0.2328767123287671,273,0.16176294382099865,-0.6308033380950446,1.4962504934275453,0.004792518913350342
2023-02-02,106,0.29041095890410956,475,0.1642120211496844,-0.5527419809315472,1.3179504899239733,0.011468177689952843
2023-02-02,118,0.3232876712328767,144,0.1634801062005593,-0.6608793925191476,1.2195583636268432,0.005832737898803722
2023-02-02,134,0.36712328767123287,444,0.1663589131642403,-0.6115206262189298,1.19444097099234,0.00879221649229405
2023-02-02,148,0.4054794520547945,300,0.1677961325870405,-0.7084706711745109,1.144749364465282,0.006582982237678093
2023-02-02,169,0.46301369863013697,191,0.16851011509487518,-0.6837618716268963,1.1324196616605715,0.0065429436261779566
2023-02-02,179,0.4904109589041096,123,0.17279142994714028,-0.7566633319858573,0.9798891386482894,0.008018072821328881
2023-02-02,197,0.5397260273972603,117,0.17026597672210542,-0.6908639177317656,0.9902514793308638,0.011134657904058647
2023-02-03,4,0.010958904109589041,77,0.16289598282072007,0.1,3.0,0.06919499839500402
2023-02-03,5,0.0136986301369863,73,0.15786773450193586,0.1,3.0,0.03083239576528644
2023-02-03,6,0.01643835616438356,157,0.24133127446319802,-0.8684056335105775,3.0,0.17502466071169553
2023-02-03,7,0.019178082191780823,81,0.17069508578216344,0.1,3.0,0.04143649721546439
2023-02-03,10,0.0273972602739726,85,0.14085974794066558,-0.016409014618852392,3.0,0.016114842465054614
2023-02-03,11,0.030136986301369864,104,0.16377495241693182,-0.08526500313676912,3.0,0.0156472972040216
2023-02-03,12,0.03287671232876712,100,0.164273613919541,-0.14827129146913012,2.6857412627684294,0.009265788404898499
2023-02-03,13,0.03561643835616438,122,0.16812088227952213,-0.22525470705635817,3.0,0.010898325274521553
2023-02-03,14,0.038356164383561646,418,0.1743742457120466,0.1,3.0,0.0533247650881023
2023-02-03,18,0.049315068493150684,104,0.15208289507333625,-0.24322877005651247,2.786579707733741,0.008415682099528837
2023-02-03,19,0.052054794520547946,105,0.15589716942399715,-0.3168919451479806,2.45047147684642,0.005073414255425504
2023-02-03,20,0.0547945205479452,102,0.15498756861155266,-0.3440811779027692,2.8626063889012765,0.005784704308459372
2023-02-03,21,0.057534246575342465,153,0.15638918811782032,-0.3469489979977015,2.5522695698395874,0.006804263892567844
2023-02-03,24,0.06575342465753424,109,0.15120156498631196,-0.3542174869404549,2.3953318148789515,0.004800260140196822
2023-02-03,25,0.0684931506849315,191,0.14871591667751574,-0.35024885993235266,2.234958579253188,0.008382034122112613
2023-02-03,26,0.07123287671232877,91,0.15319787542726934,-0.41220233777355036,2.2190820664014628,0.0036005328447986603
2023-02-03,27,0.07397260273972603,90,0.152959888746332,-0.3852092768663522,2.4172566894500678,0.005040640464661881
2023-02-03,28,0.07671232876712329,153,0.15549328648886057,-0.43896680457919146,2.18958897576441,0.004409829688195713
2023-02-03,31,0.08493150684931507,111,0.15057917022952827,-0.4183680314173869,2.196684299909554,0.004012419490553321
2023-02-03,32,0.08767123287671233,54,0.14990084549944294,-0.3728388977117407,2.1903915936574196,0.006724863749298829
2023-02-03,35,0.0958904109589041,101,0.15738309250758697,-0.450224699037989,2.1489881580925196,0.004833705357783838
2023-02-03,38,0.10410958904109589,54,0.15501249089521307,-0.45594375970304807,1.9635856215977159,0.00354713862412085
2023-02-03,42,0.11506849315068493,600,0.15164679078581822,-0.3827972617542546,2.3211050575601093,0.014844419614405293
2023-02-03,49,0.13424657534246576,71,0.16921268146886975,-0.560441439297484,1.840427105405783,0.0026471427017577603
2023-02-03,56,0.15342465753424658,346,0.1650644200890636,-0.5341495522425852,1.8527047839118123,0.005726849456667423
2023-02-03,77,0.21095890410958903,548,0.1615394067890998,-0.5948612742616947,1.8693865090580104,0.005195432707612155
2023-02-03,84,0.23013698630136986,285,0.16139667050262252,-0.6033024107436353,1.845154058220945,0.0060146640051904595
2023-02-03,105,0.2876712328767123,505,0.16547616238886026,-0.6270952929621602,1.5912977299347115,0.00419724929556813
2023-02-03,117,0.32054794520547947,160,0.1666897853084857,-0.6600474887110083,1.39880849007429,0.0025067311258632676
2023-02-03,133,0.3643835616438356,471,0.1685792814289912,-0.6613855721549485,1.4099438509226816,0.003969200038468469
2023-02-03,147,0.40273972602739727,320,0.16391309732897466,-0.6234413657621102,1.4760909751678069,0.00631430367561329
2023-02-03,168,0.4602739726027397,204,0.16580049026816315,-0.6825467466842134,1.4362527803118357,0.008786212440565539
2023-02-03,178,0.4876712328767123,127,0.16495871261869266,-0.6361776332339978,1.4087949644944096,0.006788842463488652
2023-02-03,196,0.536986301369863,122,0.1697665395508235,-0.6996752650823838,1.2398015234505038,0.005075350954156745
2023-02-06,2,0.005479452054794521,81,0.21967016844389323,0.1,3.0,0.07223752367549818
2023-02-06,3,0.00821917808219178,154,0.2849031023758778,-0.7124854866451296,3.0,0.1674321871560195
2023-02-06,4,0.010958904109589041,105,0.20453535820746022,0.1,3.0,0.06796756711794547
2023-02-06,7,0.019178082191780823,85,0.1549186654637618,0.1,3.0,0.026675312304568294
2023-02-06,8,0.021917808219178082,104,0.1852320341355393,0.05477157819841856,3.0,0.024876500275786497
2023-02-06,9,0.024657534246575342,100,0.18165777736958924,-0.045690412569238885,2.7878276138102303,0.015962173081575836
2023-02-06,10,0.0273972602739726,122,0.1851425844666756,-0.11994629034475177,3.0,0.018581817111024464
2023-02-06,11,0.030136986301369864,422,0.2027668404797517,0.1,3.0,0.0737155321596426
2023-02-06,15,0.0410958904109589,104,0.16084072067576255,-0.17881698418656963,2.900247282840624,0.013306205752916363
2023-02-06,16,0.043835616438356165,105,0.16663651727246392,-0.27634940685912074,2.352913059698039,0.008235889950492523
2023-02-06,17,0.04657534246575343,102,0.16456907027736647,-0.29630658755296096,2.8875873098809066,0.009905989437635137
2023-02-06,18,0.049315068493150684,153,0.16662568848370463,-0.2904644594401953,2.388545382268881,0.014154147110800529
2023-02-06,21,0.057534246575342465,109,0.1591077058657361,-0.32118034266407325,2.3707080123751116,0.007979655853330924
2023-02-06,22,0.06027397260273973,191,0.1562451717838847,-0.286976312577983,2.1233706636620737,0.015256910203581739
2023-02-06,23,0.06301369863013699,91,0.1623615229084525,-0.3754404855272364,2.057593166154296,0.008983056511537421
2023-02-06,24,0.06575342465753424,90,0.16240622991883402,-0.3177616754855768,2.2117672100617254,0.013681383260387531
2023-02-06,25,0.0684931506849315,153,0.16489134083000598,-0.4271506244209592,2.011003962679258,0.009063088632591662
2023-02-06,28,0.07671232876712329,111,0.1585966597813312,-0.4033956317746593,2.1264692255174307,0.006486523207395
2023-02-06,29,0.07945205479452055,54,0.15797869881324997,-0.2935557650695114,1.94544005280899,0.012872140573550447
2023-02-06,30,0.0821917808219178,49,0.16264191112833967,-0.4362168549184344,1.8744743061097695,0.006063623012536562
2023-02-06,32,0.08767123287671233,135,0.16699546124384881,-0.44686398569164565,1.9766798750683283,0.01132620966128844
2023-02-06,35,0.0958904109589041,54,0.16453020030789486,-0.4092707874058581,1.7503394112813238,0.00917633118616184
2023-02-06,39,0.10684931506849316,600,0.15808493597041118,-0.32915671228664506,2.264574884828866,0.021560975393650032
2023-02-06,46,0.12602739726027398,89,0.17853842806838605,-0.5752695876111289,1.6805025563474363,0.008157759152415445
2023-02-06,53,0.14520547945205478,346,0.17216297105990064,-0.5360416945477371,1.8145852259363107,0.009883863371066415
2023-02-06,74,0.20273972602739726,564,0.17070777851132926,-0.5819489205238859,1.7298913773930065,0.010702096670784774
2023-02-06,81,0.2219178082191781,285,0.17142078829770135,-0.6444454887877252,1.6896391898959335,0.0038192628416650197
2023-02-06,102,0.27945205479452057,513,0.1723574262209913,-0.6188694867674669,1.5073446238486439,0.007171285216574617
2023-02-06,114,0.31232876712328766,160,0.17296813995857063,-0.6828269697324337,1.346079188860164,0.004938997742446316
2023-02-06,130,0.3561643835616438,471,0.1748545028236575,-0.6609308014591757,1.331226375569532,0.006046223020046738
2023-02-06,144,0.39452054794520547,320,0.17473517126838262,-0.6947286508892171,1.326307267480204,0.005212741261682369
2023-02-06,165,0.4520547945205479,204,0.17531126963700658,-0.7070215465641098,1.3094847610531228,0.005819926085862289
2023-02-06,175,0.4794520547945205,127,0.17009196592676146,-0.6519558065904683,1.4024213890098953,0.007268980504517144
2023-02-06,193,0.5287671232876713,122,0.1762101030097879,-0.7131110210594375,1.190260771342484,0.004653305902549899
2023-02-07,2,0.005479452054794521,153,0.4806025346140763,-0.9356077257557956,3.0,0.32724532149072183
2023-02-07,3,0.00821917808219178,197,0.4884838143693557,-0.9604008501940681,3.0,0.3292913309726723
2023-02-07,6,0.01643835616438356,153,0.3186189244121268,-0.9739725179981307,3.0,0.26832465608962286
2023-02-07,7,0.019178082191780823,139,0.3255697136597487,-0.960735007401908,3.0,0.2716017147806742
2023-02-07,8,0.021917808219178082,128,0.21083208660851843,-0.6443717253853344,3.0,0.032912332977383225
2023-02-07,9,0.024657534246575342,148,0.3112388242595868,-0.9642718411550721,3.0,0.25423246200268235
2023-02-07,10,0.0273972602739726,556,0.27929126422555756,-0.3289993047354651,3.0,0.12106489943919593
2023-02-07,14,0.038356164383561646,116,0.17753134227112033,-0.5435716910263803,3.0,0.03237874870853608
2023-02-07,15,0.0410958904109589,117,0.17731947371383697,-0.7090585479558651,3.0,0.03564024616879868
2023-02-07,16,0.043835616438356165,122,0.25822854084127206,-0.9428340300190419,3.0,0.19001068255245704
2023-02-07,17,0.04657534246575343,190,0.20731315165135364,-0.8428159749330222,3.0,0.07721206442684066
2023-02-07,20,0.0547945205479452,120,0.16288881071501202,-0.6123064568678428,3.0,0.024327372777299794
2023-02-07,21,0.057534246575342465,273,0.17525139604486598,-0.6717635316872551,3.0,0.028289391312403885
2023-02-07,22,0.06027397260273973,100,0.16021919515018018,-0.5875322586101674,3.0,0.01643520208997516
2023-02-07,23,0.06301369863013699,98,0.1653082812692597,-0.5933191401662254,3.0,0.02094943405346858
2023-02-07,24,0.06575342465753424,169,0.16891967460715943,-0.6615517659464634,3.0,0.02834555866559957
2023-02-07,27,0.07397260273972603,119,0.15168458322120368,-0.5357246563656595,3.0,0.012913583907114137
2023-02-07,28,0.07671232876712329,60,0.1577614871424157,-0.5990509847522676,3.0,0.01793831082618487
2023-02-07,29,0.07945205479452055,54,0.1539169105478596,-0.5928849028788927,3.0,0.012113404124180984
2023-02-07,30,0.0821917808219178,61,0.15252545733259332,-0.5532107410525776,2.9096577531335326,0.008388146226262721
2023-02-07,31,0.08493150684931507,145,0.15626496702884748,-0.5271149010804144,3.0,0.010902740835916629
2023-02-07,34,0.09315068493150686,90,0.15214997711826217,-0.5569230527578869,2.8278922962862345,0.008316281921508685
2023-02-07,38,0.10410958904109589,649,0.15552284925230128,-0.5247576478368101,2.8438788504003685,0.013498697832761433
2023-02-07,45,0.1232876712328767,92,0.1642106741016096,-0.5760615333050929,2.6145046523203814,0.010805484384555
2023-02-07,52,0.14246575342465753,360,0.16038033639839427,-0.6129968210762706,2.495810359803893,0.01323035449310924
2023-02-07,73,0.2,579,0.1497027125152593,-0.6587106025286786,2.5438792578104716,0.024689575700351494
2023-02-07,80,0.2191780821917808,291,0.14103844399075263,-0.49067356318914995,2.593796804771103,0.024058912955141846
2023-02-07,101,0.27671232876712326,521,0.1631047654408095,-0.6702936292011806,1.880970256551123,0.01144500372980418
2023-02-07,113,0.3095890410958904,162,0.15879249704956908,-0.6126257236950471,1.8123675657814386,0.009935903205260105
2023-02-07,129,0.35342465753424657,485,0.16068267139277995,-0.6900095870042787,1.7867428095732052,0.017143279791077933
2023-02-07,143,0.3917808219178082,322,0.15293084236347698,-0.5267746443366391,1.8201105438768874,0.016088588977505553
2023-02-07,164,0.44931506849315067,208,0.13804872356925132,-0.569550882756403,2.0167662197387766,0.03770138504167064
2023-02-07,174,0.4767123287671233,127,0.15866215755486382,-0.5891593471207677,1.6428882093486628,0.012376901369611002
2023-02-07,192,0.5260273972602739,126,0.1548714105661909,-0.6682844663316814,1.5887285318198647,0.021240682881188473
2023-02-08,2,0.005479452054794521,90,0.25420992263176817,0.1,3.0,0.13586533225409103
2023-02-08,5,0.0136986301369863,76,0.1621994662541699,0.1,3.0,0.0445820828950099
2023-02-08,6,0.01643835616438356,99,0.20955960485695777,-0.03229422382890642,3.0,0.036916554395011694
2023-02-08,7,0.019178082191780823,95,0.19968605215774676,-0.21929679741451472,3.0,0.017934144144283213
2023-02-08,8,0.021917808219178082,113,0.20802442358909623,-0.2725129929771617,3.0,0.027268613498045532
2023-02-08,9,0.024657534246575342,397,0.23088450899243232,0.1,3.0,0.09818753209911407
2023-02-08,13,0.03561643835616438,102,0.1725697547817494,-0.2780963108377102,3.0,0.013558388529558598
2023-02-08,14,0.038356164383561646,103,0.1728230310072501,-0.39023960821473846,3.0,0.0062084180361586545
2023-02-08,15,0.0410958904109589,101,0.17628171309685073,-0.3819316882946174,3.0,0.011305010146536553
2023-02-08,16,0.043835616438356165,144,0.17542802196715748,-0.4607925972996835,3.0,0.009777783371008446
2023-02-08,19,0.052054794520547946,109,0.16395456416216111,-0.4108395506233328,2.8585766934261767,0.005863630625335449
2023-02-08,20,0.0547945205479452,180,0.16056436521224882,-0.46404694029908544,2.8737446327053853,0.009494949709871641
2023-02-08,21,0.057534246575342465,91,0.1671462978974742,-0.47008506023576635,2.6281764271155192,0.0045789857823382496
2023-02-08,22,0.06027397260273973,88,0.16622662876788694,-0.4338963383063448,2.81375839992387,0.0070608903807297405
2023-02-08,23,0.06301369863013699,146,0.16852601956991334,-0.5230215929226956,2.6251095588229822,0.004735091441615243
2023-02-08,26,0.07123287671232877,109,0.1622165492581479,-0.46873901206179913,2.510428519774218,0.004534612032625103
2023-02-08,27,0.07397260273972603,74,0.16313828293891852,-0.4731526240977857,2.5685671066268405,0.005685853059201593
2023-02-08,28,0.07671232876712329,47,0.16602356097321783,-0.5188648056653924,2.427229552180171,0.003976054593690874
2023-02-08,29,0.07945205479452055,54,0.16632001726066212,-0.49113578611300285,2.4393876590953103,0.005065606505994089
2023-02-08,30,0.0821917808219178,135,0.16949030296569348,-0.5061670057401126,2.4315685661792994,0.005020333996049194
2023-02-08,33,0.09041095890410959,94,0.16652995951720512,-0.5281690925877841,2.2903606415642974,0.003355197559552116
2023-02-08,37,0.10136986301369863,577,0.16242265134725864,-0.47099677166826276,2.662239411806153,0.015485892476060283
2023-02-08,44,0.12054794520547946,90,0.18197622279558742,-0.6091915677029487,2.0739756604243405,0.0024161022369824543
2023-02-08,51,0.13972602739726028,340,0.17522724159091604,-0.589846100912189,2.1104549777106616,0.0053284465984701265
2023-02-08,65,0.1780821917808219,74,0.1777794861123781,-0.6478662033925868,1.8622038308449358,0.003861332773497911
2023-02-08,72,0.19726027397260273,558,0.17379038113686854,-0.620323183919283,1.9280320844990675,0.0067750845450861895
2023-02-08,79,0.21643835616438356,284,0.17289809117883376,-0.6348772251893703,1.9089059623725757,0.007391789145247732
2023-02-08,100,0.273972602739726,508,0.17619748389048648,-0.6479274556854073,1.6260051833631646,0.00508475499184837
2023-02-08,112,0.30684931506849317,162,0.17833371045823193,-0.6986037431281912,1.3868546103165833,0.005638963185381195
2023-02-08,128,0.3506849315068493,482,0.1767918318366579,-0.6824063552971958,1.4782797053309384,0.007744221750303001
2023-02-08,142,0.38904109589041097,322,0.17828588342968088,-0.6945012559601405,1.3923178852390687,0.008476702114394304
2023-02-08,163,0.4465753424657534,202,0.17752481474378495,-0.706792753318904,1.3886613206684768,0.0063939114932100635
2023-02-08,173,0.473972602739726,127,0.1733987846419195,-0.6523915361023843,1.436631189078539,0.007852676317370418
2023-02-08,191,0.5232876712328767,122,0.17852779960300383,-0.7191196392780062,1.255842520917079,0.005281500948471484
2023-02-09,4,0.010958904109589041,76,0.1544563610385539,0.1,3.0,0.062158031167475314
2023-02-09,5,0.0136986301369863,99,0.21611830246353658,0.1,3.0,0.04562074700458555
2023-02-09,6,0.01643835616438356,95,0.2077701835748749,-0.005548287439068044,3.0,0.026107680442014954
2023-02-09,7,0.019178082191780823,113,0.21174851420265922,-0.010450726018131563,3.0,0.03158470464035309
2023-02-09,8,0.021917808219178082,397,0.24795575007051368,0.1,3.0,0.11366781275309279
2023-02-09,12,0.03287671232876712,102,0.1779708067033115,-0.1750151808299367,3.0,0.018793240865654173
2023-02-09,13,0.03561643835616438,103,0.18235652243622558,-0.2496819974988826,2.385043727626323,0.013690309809471276
2023-02-09,14,0.038356164383561646,101,0.1796413433226776,-0.2654262108524715,2.967918409606466,0.018125887589657764
2023-02-09,15,0.0410958904109589,144,0.18011454926629528,-0.2914946056585303,2.5246439085719667,0.018254885095179748
2023-02-09,18,0.049315068493150684,109,0.17183844944786375,-0.30761045642929535,2.4267447455821456,0.012474656173215052
2023-02-09,19,0.052054794520547946,180,0.16652022010003653,-0.30113357900338594,2.321417806085741,0.018468365372736703
2023-02-09,20,0.0547945205479452,91,0.17592937251948995,-0.3962088165143977,2.0509888428930685,0.012812468915363714
2023-02-09,21,0.057534246575342465,88,0.17370021361527038,-0.3757873055815434,2.551449142981737,0.011306333472359412
2023-02-09,22,0.06027397260273973,146,0.17763996057128587,-0.41949044051157736,1.7651712093358296,0.016250532055045525
2023-02-09,25,0.0684931506849315,109,0.16950596544506152,-0.39832891512503465,2.1362969120961774,0.009992358623368091
2023-02-09,26,0.07123287671232877,74,0.16918861561596113,-0.3784809944112417,2.2507500508009506,0.010775781779522039
2023-02-09,27,0.07397260273972603,47,0.17421412856363475,-0.40037135872134066,1.745509710833509,0.010217322633692833
2023-02-09,28,0.07671232876712329,54,0.17510523718125298,-0.4001830489842836,1.9470445260395723,0.010965354743360207
2023-02-09,29,0.07945205479452055,135,0.17719287696482927,-0.4585823715343183,1.982039821138855,0.01032519822907197
2023-02-09,32,0.08767123287671233,94,0.17383103214502754,-0.4717489364057398,1.88052878929605,0.008648730758747829
2023-02-09,36,0.09863013698630137,577,0.1651938151360467,-0.32164020581755237,2.327567510186264,0.02581280145159739
2023-02-09,39,0.10684931506849316,58,0.17845842848318172,-0.5693037330936593,2.101103252074676,0.007121340092739579
2023-02-09,43,0.1178082191780822,90,0.19064567163664983,-0.59681648944394,1.5944955585640193,0.009081384278871407
2023-02-09,50,0.136986301369863,340,0.1840322719216267,-0.5184276204963749,1.6503212162153549,0.01503627772080928
2023-02-09,64,0.17534246575342466,74,0.1869583238587736,-0.6506277949559787,1.5000318968195827,0.005084688541787218
2023-02-09,71,0.19452054794520549,558,0.18020858203182008,-0.5819575666892286,1.6999061293977111,0.010471322610133732
2023-02-09,78,0.2136986301369863,284,0.1833217294684219,-0.6754162549978664,1.5751475575703404,0.004958840894575175
2023-02-09,99,0.27123287671232876,508,0.18181191006966843,-0.6143496702253175,1.442540511751961,0.009821660989556181
2023-02-09,111,0.3041095890410959,166,0.16524718123826362,-0.5922210273251453,1.938166838570523,0.01795318617278248
2023-02-09,127,0.34794520547945207,479,0.18172986537813354,-0.6730911224158184,1.3865292777207596,0.010868861427635353
2023-02-09,141,0.3863013698630137,322,0.16402089572313275,-0.5546911655305228,1.8096432576200767,0.0205648667042493
2023-02-09,162,0.4438356164383562,202,0.18407239052190252,-0.7119898241665132,1.232223114698945,0.004802416869359384
2023-02-09,172,0.4712328767123288,127,0.17076497900408455,-0.612679649664286,1.6294682452037648,0.015785863602376257
2023-02-09,190,0.5205479452054794,122,0.18160002471832884,-0.7123549492036434,1.1815699551568617,0.007955469991628413
2023-02-10,4,0.010958904109589041,72,0.21934465381261326,0.1,3.0,0.06688878535196345
2023-02-10,5,0.0136986301369863,70,0.21370151339846644,-0.08242520923399721,3.0,0.03331657765917197
2023-02-10,6,0.01643835616438356,86,0.21694359348604997,-0.04798990162578562,3.0,0.04217072766263091
2023-02-10,7,0.019178082191780823,342,0.26710225529004566,0.1,3.0,0.1426241489730363
2023-02-10,11,0.030136986301369864,85,0.18133379275830644,-0.2501802618042501,3.0,0.020989574817439884
2023-02-10,12,0.03287671232876712,84,0.1831840056560613,-0.41480236001844945,3.0,0.009669722922193046
2023-02-10,13,0.03561643835616438,97,0.18419777256437755,-0.3537943850274725,3.0,0.015418184665427779
2023-02-10,14,0.038356164383561646,117,0.18308371158080233,-0.44547305123810843,3.0,0.014139174025491438
2023-02-10,17,0.04657534246575343,98,0.17032641849959995,-0.42596180225965924,3.0,0.008044150793836144
2023-02-10,18,0.049315068493150684,150,0.1682362610035097,-0.4794258370932209,3.0,0.012138785112542969
2023-02-10,19,0.052054794520547946,91,0.1743783028152147,-0.49008471549677896,2.6756554634809393,0.005791085640161374
2023-02-10,20,0.0547945205479452,94,0.1729570619903594,-0.45537704223723446,2.990545123466719,0.008156082040214242
2023-02-10,21,0.057534246575342465,126,0.1748789792973455,-0.5134816363182049,2.6138920996118338,0.007847514903607038
2023-02-10,24,0.06575342465753424,105,0.1683171852099679,-0.46526183243030084,2.472195861568576,0.006220346006817379
2023-02-10,25,0.0684931506849315,73,0.1714981167853808,-0.4900236175084657,2.6675968536375936,0.006936234285426587
2023-02-10,26,0.07123287671232877,77,0.17557016247816037,-0.504210291386002,2.266367423345849,0.004732384028014131
2023-02-10,27,0.07397260273972603,68,0.17517673122259875,-0.49882634378949164,2.446372173635648,0.0059247224148961065
2023-02-10,28,0.07671232876712329,128,0.17761075158120784,-0.5100358850977135,2.3118576239640722,0.007166949489105618
2023-02-10,31,0.08493150684931507,95,0.17412283236130235,-0.5229869111202113,2.211295499657557,0.0051532114200337955
2023-02-10,32,0.08767123287671233,47,0.18238292171933848,-0.5139749518565974,2.0859326609321824,0.00687770925104593
2023-02-10,35,0.0958904109589041,532,0.16714101082167296,-0.4574994667241246,2.6895413864750313,0.019085360247857803
2023-02-10,38,0.10410958904109589,50,0.18082735003308212,-0.5518621687506498,1.9617790738881657,0.004998384769549002
2023-02-10,42,0.11506849315068493,89,0.1901781180423751,-0.6061651336116687,1.9406502234220064,0.003924720799338787
2023-02-10,49,0.13424657534246576,296,0.18224462293534263,-0.5732471368349743,1.9852089881503228,0.00711590449356681
2023-02-10,63,0.1726027397260274,73,0.18573713974061892,-0.6489639553564414,1.785245371907403,0.00418197082567671
2023-02-10,70,0.1917808219178082,553,0.17979939769691264,-0.6210135991050283,1.9137748191459392,0.008019915698596732
2023-02-10,77,0.21095890410958903,282,0.17998594519850353,-0.6455080570716522,1.8507553172085045,0.008478649875787577
2023-02-10,98,0.2684931506849315,504,0.1814288586715437,-0.6487935696969644,1.6328878184710507,0.006431142415368601
2023-02-10,110,0.3013698630136986,155,0.1814583717981388,-0.6804074524016593,1.4681251702842517,0.0038360819511609467
2023-02-10,126,0.3452054794520548,465,0.18391561809437815,-0.680321237959107,1.418542825001495,0.004470610257068104
2023-02-10,140,0.3835616438356164,314,0.18130955281507904,-0.6720566467697237,1.4379633119158641,0.006691475512861243
2023-02-10,161,0.4410958904109589,201,0.18241443744299707,-0.7050151027941116,1.380886345100328,0.007789300901241335
2023-02-10,171,0.4684931506849315,126,0.17745367063824807,-0.6463222264165184,1.4719235358590705,0.010015513890363413
2023-02-10,189,0.5178082191780822,121,0.18304462806638006,-0.7201858292319079,1.2574388077213892,0.006278557877969378
2023-02-13,2,0.005479452054794521,70,0.28407106001553434,0.1,3.0,0.06010455479868857
2023-02-13,3,0.00821917808219178,86,0.26388964282576605,0.1,3.0,0.06695886541710973
2023-02-13,4,0.010958904109589041,342,0.36271489092320786,0.1,3.0,0.24394846092347391
2023-02-13,8,0.021917808219178082,85,0.17916039351098595,0.1,3.0,0.02572298921849933
2023-02-13,9,0.024657534246575342,84,0.1786675560866821,-0.014031836558191074,2.7316845232449523,0.016911705378097303
2023-02-13,10,0.0273972602739726,97,0.18041262216880727,-0.02972653432168207,3.0,0.01977018031311689
2023-02-13,11,0.030136986301369864,118,0.1751135036640848,-0.14685879374642413,3.0,0.02007749232789852
2023-02-13,14,0.038356164383561646,98,0.16606935267198408,-0.1182031707701674,2.4989464931327157,0.01369898479785655
2023-02-13,15,0.0410958904109589,150,0.1574950404554452,-0.21126427942626644,2.75842288563221,0.018158729022678222
2023-02-13,16,0.043835616438356165,91,0.16888646399608592,-0.26299576422372334,2.220149156942869,0.00945600095987461
2023-02-13,17,0.04657534246575343,94,0.16718726790065996,-0.2341043946211727,2.6580310611336495,0.012477519364318287
2023-02-13,18,0.049315068493150684,126,0.1685046899550025,-0.3104391557817989,2.1151832269471202,0.013295617928700112
2023-02-13,21,0.057534246575342465,105,0.16274039926557946,-0.23467636884843207,2.0063511278784696,0.011645407572418224
2023-02-13,22,0.06027397260273973,73,0.16386748555073524,-0.3205688826424072,2.452600178262593,0.009540198857602013
2023-02-13,23,0.06301369863013699,79,0.1706657453318309,-0.3525491008879306,1.8016640335496896,0.008945267172823002
2023-02-13,24,0.06575342465753424,68,0.16902879942590168,-0.3494559009641366,2.1866298456257494,0.008716316872515105
2023-02-13,25,0.0684931506849315,128,0.17151172066511355,-0.3338782138785512,1.8975974479170608,0.012653155447431529
2023-02-13,28,0.07671232876712329,95,0.16717672917190524,-0.3996607418634265,1.960602593405364,0.00823513163716958
2023-02-13,29,0.07945205479452055,47,0.1778730105584847,-0.3676072343365928,1.7006639922071711,0.011529238709730159
2023-02-13,30,0.0821917808219178,47,0.18205901272018593,-0.43517311995981606,1.3406277374968654,0.011678085860990912
2023-02-13,32,0.08767123287671233,532,0.15755787898920037,-0.2641904125333123,2.5053941474719252,0.025772851375850815
2023-02-13,35,0.0958904109589041,50,0.1753516766891043,-0.4350880835563417,1.620146214265726,0.009029673200376998
2023-02-13,39,0.10684931506849316,129,0.1863418104197035,-0.5585277951050798,1.5384573611425938,0.008524349608710673
2023-02-13,46,0.12602739726027398,296,0.1761681136441885,-0.4515559628675833,1.6560294257717203,0.015823210334520568
2023-02-13,60,0.1643835616438356,86,0.1819334090019776,-0.6290387528553638,1.431176915007304,0.0038537409983825975
2023-02-13,67,0.18356164383561643,553,0.17462721430355835,-0.53981145063669,1.6710426097572053,0.010235367547561791
2023-02-13,74,0.20273972602739726,282,0.17781122742792194,-0.6579994859674483,1.5458337820389203,0.006712976948373989
2023-02-13,95,0.2602739726027397,504,0.17690600334495904,-0.5896886852523376,1.4400590785431036,0.009384980686012095
2023-02-13,107,0.29315068493150687,155,0.17956219148407385,-0.6973823555307088,1.2094224355612537,0.00769411017276631
2023-02-13,123,0.336986301369863,465,0.17981926164690315,-0.6464016674242111,1.2741113955543868,0.00646067898456733
2023-02-13,137,0.37534246575342467,314,0.1822069700762832,-0.7253768952691447,1.1944288433963182,0.006144599938567457
2023-02-13,158,0.4328767123287671,201,0.1805326127424423,-0.7009407072762569,1.2301874894744547,0.0034078468404769354
2023-02-13,168,0.4602739726027397,126,0.1811872253894654,-0.7150930248977165,1.183377348932765,0.004284579332433768
2023-02-13,186,0.5095890410958904,121,0.18203569465018435,-0.712368623747311,1.1079680948696864,0.004614150620019783
2023-02-14,2,0.005479452054794521,61,0.23055098838084231,0.1,3.0,0.13182165515018937
2023-02-14,3,0.00821917808219178,294,0.4019639617720097,0.1,3.0,0.32502255033190697
2023-02-14,7,0.019178082191780823,67,0.1504441479074975,0.1,3.0,0.04093662220819979
2023-02-14,8,0.021917808219178082,67,0.15261909460196948,-0.17163919183308077,3.0,0.02033679994699361
2023-02-14,9,0.024657534246575342,86,0.16310712844797254,-0.13743413588854933,3.0,0.029042101462015003
2023-02-14,10,0.0273972602739726,106,0.16440000238804653,-0.31604556091913,3.0,0.025050858520093044
2023-02-14,13,0.03561643835616438,88,0.14826035166155305,-0.32657442462543096,3.0,0.012642662143472145
2023-02-14,14,0.038356164383561646,138,0.14815517044893742,-0.34413327344518774,3.0,0.017494069449756105
2023-02-14,15,0.0410958904109589,88,0.15087545199856542,-0.4101297685152285,3.0,0.006264889191033552
2023-02-14,16,0.043835616438356165,93,0.15479302713396326,-0.3621350177052468,3.0,0.010714034499491702
2023-02-14,17,0.04657534246575343,124,0.154420660730643,-0.4848328686559546,3.0,0.007223182465773001
2023-02-14,20,0.0547945205479452,102,0.14527939492952482,-0.4166194423295012,2.926294506767739,0.005153994523480485
2023-02-14,21,0.057534246575342465,73,0.1496844985174441,-0.4141645823668645,3.0,0.0067375710172145045
2023-02-14,22,0.06027397260273973,79,0.15386565629558355,-0.46560857584363236,2.6546335693047336,0.004231335336022379
2023-02-14,23,0.06301369863013699,71,0.15425799341754504,-0.46186852020018615,2.82075411423564,0.004430038950523673
2023-02-14,24,0.06575342465753424,130,0.15794393945656787,-0.4747336362197945,2.7004142212916293,0.0057907597612756895
2023-02-14,27,0.07397260273972603,96,0.15391084416520373,-0.4747357258929271,2.5233055096866743,0.004593327458947537
2023-02-14,28,0.07671232876712329,47,0.1632874109554654,-0.4627925410660892,2.348012067234214,0.006756359175388365
2023-02-14,29,0.07945205479452055,46,0.16583129647764672,-0.5269357704653834,2.173994585080953,0.004337769165403787
2023-02-14,30,0.0821917808219178,52,0.1652881183299542,-0.5329185512890197,2.4223879562952964,0.005017504011538465
2023-02-14,31,0.08493150684931507,533,0.14879938066219756,-0.4330650962909584,3.0,0.01807292656074714
2023-02-14,34,0.09315068493150686,50,0.16113883570199095,-0.5219498177177933,2.255154939437489,0.004322536066584406
2023-02-14,38,0.10410958904109589,135,0.17348357611951964,-0.6070344748362975,2.10925150607895,0.003117667845886214
2023-02-14,45,0.1232876712328767,315,0.16441838771077824,-0.5655035091140822,2.2322863461118154,0.006843096031004716
2023-02-14,59,0.16164383561643836,87,0.16760869385776458,-0.6225845740063529,2.035786062721487,0.006000666352749054
2023-02-14,66,0.18082191780821918,560,0.16254010074684289,-0.6276520570870485,2.1648667322704718,0.011520023198645904
2023-02-14,73,0.2,285,0.16023234704689002,-0.6060366319663698,2.1543160698118475,0.013028335637082536
2023-02-14,94,0.25753424657534246,510,0.1674739029686706,-0.6527753215671672,1.7799360954816474,0.008265352208017435
2023-02-14,106,0.29041095890410956,158,0.16733555569876962,-0.6541761077389389,1.604973627478068,0.0056192219130114214
2023-02-14,122,0.33424657534246577,469,0.17144070973678294,-0.6854419745967294,1.563381189204007,0.007302061780287731
2023-02-14,136,0.3726027397260274,318,0.16516931644322747,-0.6135010070528779,1.6220334693032052,0.010366918651695414
2023-02-14,157,0.4301369863013699,202,0.16982403405811802,-0.6905350784446959,1.5107217938505393,0.010922811376286866
2023-02-14,167,0.4575342465753425,126,0.16565166042503374,-0.6221889050231427,1.550988972148558,0.010563363424470824
2023-02-14,185,0.5068493150684932,123,0.17083377785775836,-0.705427144218777,1.3788664211140214,0.010366077668064525
2023-02-15,2,0.005479452054794521,148,0.40618751670874015,0.1,3.0,0.34898307636604947
2023-02-15,6,0.01643835616438356,69,0.1318186269156209,0.1,3.0,0.05073867947835804
2023-02-15,7,0.019178082191780823,67,0.1284512614012315,0.1,3.0,0.023153734317911772
2023-02-15,8,0.021917808219178082,86,0.14043716174293677,0.1,3.0,0.03128233544418738
2023-02-15,9,0.024657534246575342,106,0.14056602532202284,-0.0349707164030309,3.0,0.0266110078211604
2023-02-15,12,0.03287671232876712,88,0.1274174528222872,-0.050778892609698194,3.0,0.01639891179956072
2023-02-15,13,0.03561643835616438,138,0.12649024435080894,-0.1340803155635263,3.0,0.020510081946856443
2023-02-15,14,0.038356164383561646,88,0.1344712333216406,-0.20587276584762237,2.745838925688663,0.01137241520962984
2023-02-15,15,0.0410958904109589,93,0.13841280632361583,-0.1866344688964031,3.0,0.012971523366392495
2023-02-15,16,0.043835616438356165,124,0.1390041166492435,-0.3110605204034007,2.6453399471801715,0.012765558877616899
2023-02-15,19,0.052054794520547946,102,0.13463213921477316,-0.22518546010888144,2.460043732022214,0.011408294492777443
2023-02-15,20,0.0547945205479452,82,0.13930283519396694,-0.26014020821356865,2.6657914730113714,0.011931934653424042
2023-02-15,21,0.057534246575342465,79,0.14835625942747233,-0.32502315090321965,1.9825744992005299,0.012373131935303415
2023-02-15,22,0.06027397260273973,71,0.14624595099767207,-0.3483847538208212,2.437225249031423,0.00802274875217107
2023-02-15,23,0.06301369863013699,130,0.15108821114045176,-0.3254292633206353,2.1341398433434398,0.013657355634449081
2023-02-15,26,0.07123287671232877,96,0.14656851836026363,-0.39434938009744425,2.1820010083214703,0.007936595792784462
2023-02-15,27,0.07397260273972603,71,0.15640416401738397,-0.3554225793004847,1.9944311333415679,0.011420043877865271
2023-02-15,28,0.07671232876712329,47,0.15858303479582583,-0.44536647041672656,1.8751798073345132,0.008478476893383241
2023-02-15,29,0.07945205479452055,52,0.1611585794087131,-0.35863987059191665,1.7621931056244047,0.014968349462549645
2023-02-15,30,0.0821917808219178,533,0.13749919870786342,-0.2603689857990628,2.766588828304099,0.025817378569171354
2023-02-15,33,0.09041095890410959,50,0.15525728789772966,-0.4151468820619188,1.8819328969423463,0.008869311645854893
2023-02-15,37,0.10136986301369863,136,0.16681450272215723,-0.5253013040124275,1.8464474445991577,0.009358413171812421
2023-02-15,44,0.12054794520547946,315,0.16091391023683013,-0.4592460634130715,1.8021640603104672,0.014941587618035941
2023-02-15,58,0.1589041095890411,87,0.16717787521019975,-0.6243779020392809,1.6059937517627123,0.004754641790653907
2023-02-15,65,0.1780821917808219,560,0.15980107014909103,-0.5661571020035242,1.8994479721788038,0.008895270005384558
2023-02-15,72,0.19726027397260273,285,0.16140940695164402,-0.6314412300116593,1.8129214485189264,0.00577328957430813
2023-02-15,93,0.2547945205479452,510,0.16600289209961544,-0.6010562751654891,1.543370800640344,0.009040063748231159
2023-02-15,105,0.2876712328767123,158,0.16851054997244708,-0.6867160674773937,1.3185017735813314,0.005232153476835892
2023-02-15,121,0.3315068493150685,469,0.17012665015094544,-0.64906985127,1.3530865033452109,0.007134332727971596
2023-02-15,135,0.3698630136986301,318,0.17106542208198636,-0.6960334295120533,1.3144797665619556,0.00595071818962953
2023-02-15,156,0.4273972602739726,202,0.1699589134950788,-0.6894642010259366,1.3400285649866652,0.005301744388799592
2023-02-15,166,0.4547945205479452,126,0.17486221476486455,-0.7284735529560354,1.164707501447183,0.00518755121145219
2023-02-15,184,0.5041095890410959,123,0.17311251724271537,-0.7069039969628743,1.1901478856379455,0.007272620566548561
2023-02-16,5,0.0136986301369863,71,0.15315446308568192,0.1,3.0,0.06563296083694735
2023-02-16,6,0.01643835616438356,73,0.15928054360498745,-0.19397995185519046,3.0,0.034389181631739055
2023-02-16,7,0.019178082191780823,125,0.2654592410199726,-0.9123128173509175,3.0,0.22063315287318636
2023-02-16,8,0.021917808219178082,162,0.2028553411319501,-0.5923784895276833,3.0,0.04567837093811215
2023-02-16,11,0.030136986301369864,102,0.16075593604578392,-0.4359518102753066,3.0,0.020770213993762582
2023-02-16,12,0.03287671232876712,159,0.16250955263963632,-0.3827203277624671,3.0,0.025819078074672194
2023-02-16,13,0.03561643835616438,94,0.16288486876951364,-0.5225302895458829,3.0,0.011503523741449214
2023-02-16,14,0.038356164383561646,100,0.16798369120349488,-0.4545483239324038,3.0,0.01970037464676212
2023-02-16,15,0.0410958904109589,151,0.17102591074331233,-0.6167235336175313,3.0,0.013489826436129844
2023-02-16,18,0.049315068493150684,109,0.15477784793739238,-0.50746882456654,3.0,0.007904100342465014
2023-02-16,19,0.052054794520547946,86,0.15982715993890945,-0.47451456133022973,3.0,0.009779032929751855
2023-02-16,20,0.0547945205479452,93,0.1609204400872046,-0.5471223789483424,3.0,0.004242496731685913
2023-02-16,21,0.057534246575342465,78,0.1645211402112759,-0.5476544940446827,3.0,0.007671970112142765
2023-02-16,22,0.06027397260273973,143,0.16564630393583588,-0.5481392967498345,2.9933751398807633,0.007238737364139761
2023-02-16,25,0.0684931506849315,100,0.16149962275789825,-0.5394318685656309,2.6816336261975646,0.005214574320230566
2023-02-16,26,0.07123287671232877,75,0.17001064436537994,-0.5022637376012512,2.44080406610837,0.007634009271811731
2023-02-16,27,0.07397260273972603,85,0.1723763800245934,-0.5609957267562949,2.2432624403755277,0.006094708284209733
2023-02-16,28,0.07671232876712329,56,0.17078746318836047,-0.5809895748652336,2.8058809219403718,0.007345103472723022
2023-02-16,29,0.07945205479452055,599,0.15858521782316604,-0.4430368723864733,3.0,0.020226685699309764
2023-02-16,32,0.08767123287671233,89,0.16699264242825768,-0.5652892584662612,2.385930868194252,0.004484517262579207
2023-02-16,33,0.09041095890410959,56,0.1687643932278806,-0.5660183061571086,2.245125287707451,0.005585430342535202
2023-02-16,36,0.09863013698630137,153,0.1786334062087665,-0.6201111268542282,2.2817772413206594,0.0047843941125944095
2023-02-16,43,0.1178082191780822,351,0.16882655179740225,-0.5883324046567121,2.34146871127718,0.009816382265465287
2023-02-16,57,0.15616438356164383,97,0.17488098632583504,-0.6511758570331262,2.0452642915021757,0.005108692585946412
2023-02-16,64,0.17534246575342466,577,0.16510302114926362,-0.642623756683142,2.2973843056223813,0.013807391905910703
2023-02-16,71,0.19452054794520549,291,0.16033730631306753,-0.6020477748643521,2.308034391133997,0.01624138011914064
2023-02-16,92,0.25205479452054796,518,0.1736874614865361,-0.65602310027629,1.750238296836662,0.007246187086357961
2023-02-16,104,0.28493150684931506,163,0.17423276432520893,-0.6822348116720343,1.5575992000184193,0.0046618659798431375
2023-02-16,120,0.3287671232876712,481,0.1777143300206379,-0.6883443705474332,1.5084051487215766,0.005633433514028649
2023-02-16,134,0.36712328767123287,322,0.17416925994797625,-0.6604129424644659,1.528005985021036,0.007133156616358253
2023-02-16,155,0.4246575342465753,413,0.16002234924968664,-0.6274604334574395,1.7772452557104583,0.029974102555261475
2023-02-16,165,0.4520547945205479,126,0.17251271427208056,-0.6435372104068082,1.5018681133701048,0.010156456664507417
2023-02-16,183,0.5013698630136987,123,0.1781543800284553,-0.7161944544957157,1.2963375009579268,0.006036458899216487
2023-02-17,5,0.0136986301369863,73,0.12652191934303503,0.1,3.0,0.03915389824024733
2023-02-17,6,0.01643835616438356,127,0.16589755653439037,-0.3359509426282113,3.0,0.07163974975769015
2023-02-17,7,0.019178082191780823,162,0.16196856566046341,-0.19010002018202168,3.0,0.035682813571805895
2023-02-17,10,0.0273972602739726,102,0.13339135380357448,-0.12246158445945668,3.0,0.022461142508935765
2023-02-17,11,0.030136986301369864,159,0.1364384110573764,-0.08041462117628255,3.0,0.02727305543881583
2023-02-17,12,0.03287671232876712,100,0.14274218606021982,-0.3332898613824728,3.0,0.013730051861816504
2023-02-17,13,0.03561643835616438,106,0.1493738547979195,-0.27737038036942185,3.0,0.019112174208236903
2023-02-17,14,0.038356164383561646,151,0.1484913985343228,-0.40448327400737266,3.0,0.013179633584840618
2023-02-17,17,0.04657534246575343,109,0.1407107955084842,-0.36777670071018137,2.942662703664201,0.013338508476860212
2023-02-17,18,0.049315068493150684,86,0.14823089594767153,-0.3548196576443952,3.0,0.013588130295757804
2023-02-17,19,0.052054794520547946,93,0.15428896942720963,-0.45906323860479126,2.6093556368128166,0.009004444339712724
2023-02-17,20,0.0547945205479452,90,0.15719878649011101,-0.4168863341271588,2.5817347551175605,0.011819668053859816
2023-02-17,21,0.057534246575342465,143,0.16044418622711304,-0.474141339837153,2.60316888880836,0.011725351444983226
2023-02-17,24,0.06575342465753424,100,0.15675001798095548,-0.4626403322252559,2.339000326346097,0.011670213207977563
2023-02-17,25,0.0684931506849315,75,0.16550215379353653,-0.417660805472181,2.112277136824602,0.012545990693861723
2023-02-17,26,0.07123287671232877,94,0.16878087545748827,-0.5212369948416682,1.9785097532453566,0.010355328873993548
2023-02-17,27,0.07397260273972603,79,0.169631010941132,-0.4579679757843627,2.1481188138609006,0.009902410493089528
2023-02-17,28,0.07671232876712329,599,0.14620233999841992,-0.32470351637815575,2.9187751330240834,0.027354253317674635
2023-02-17,31,0.08493150684931507,98,0.16380867647319358,-0.5056953614402313,2.113189250747319,0.00802762323678309
2023-02-17,32,0.08767123287671233,56,0.1645501212941603,-0.5033798385767886,2.126708841120473,0.008031630459620303
2023-02-17,33,0.09041095890410959,65,0.17814049411172017,-0.6721074324683332,3.0,0.06025567554418069
2023-02-17,35,0.0958904109589041,153,0.17578204292828653,-0.6137375166985143,2.1915244212331686,0.00574689366661893
2023-02-17,42,0.11506849315068493,351,0.16739938009901917,-0.5660842248157187,2.203332801054959,0.012612811974748806
2023-02-17,56,0.15342465753424658,97,0.17536641629435082,-0.6713407221442282,1.8455904052506862,0.0060844529846768875
2023-02-17,63,0.1726027397260274,577,0.16281095550326335,-0.6241144169304894,2.2177948105322427,0.017793566126393948
2023-02-17,70,0.1917808219178082,291,0.16228220066475418,-0.621604463051485,2.1595569177272975,0.012648680130279864
2023-02-17,91,0.2493150684931507,518,0.17316055384088067,-0.6453800979781462,1.664341657512513,0.011079549243649178
2023-02-17,103,0.2821917808219178,164,0.1670913555080498,-0.6444648624607922,1.7270825480347534,0.009388913760514855
2023-02-17,119,0.32602739726027397,482,0.17657772801739238,-0.6812618014184041,1.469271960368096,0.007236445418173491
2023-02-17,133,0.3643835616438356,322,0.16415588441226114,-0.589328075627286,1.7075917902848252,0.01546821867320072
2023-02-17,154,0.42191780821917807,414,0.1636821929029119,-0.6369797562431944,1.6503826565730186,0.02900038975122995
2023-02-17,164,0.44931506849315067,126,0.17112601113157277,-0.6368258097455385,1.5076926051752706,0.016563119868410293
2023-02-17,182,0.4986301369863014,123,0.1795966972458869,-0.7191793175843614,1.2282134062087111,0.00452607986832996
2023-02-21,2,0.005479452054794521,86,0.2677049690294631,0.1,3.0,0.12909405792665088
2023-02-21,3,0.00821917808219178,112,0.24948141180189295,0.1,3.0,0.08231769892663272
2023-02-21,6,0.01643835616438356,97,0.181361847088976,-0.037478816948843835,3.0,0.03892291799521973
2023-02-21,7,0.019178082191780823,150,0.18552965799572657,0.09046688425399309,3.0,0.0450048024434021
2023-02-21,8,0.021917808219178082,99,0.1893717214248215,-0.3634810330848068,3.0,0.022823139869963358
2023-02-21,9,0.024657534246575342,99,0.19067020516966718,-0.2604146555146674,3.0,0.03318561598345935
2023-02-21,10,0.0273972602739726,132,0.1969247159006817,-0.4567914454350166,3.0,0.021468379192888725
2023-02-21,13,0.03561643835616438,107,0.178527018471004,-0.46966550553061964,3.0,0.016338403826357283
2023-02-21,14,0.038356164383561646,83,0.18261833644050712,-0.39493227310359535,3.0,0.01952103289903901
2023-02-21,15,0.0410958904109589,90,0.1873314240712282,-0.5246545684563382,3.0,0.01031645389773815
2023-02-21,16,0.043835616438356165,85,0.18867597909074482,-0.49845583348911154,3.0,0.01171697756446397
2023-02-21,17,0.04657534246575343,138,0.19311356555068362,-0.5388380433865084,3.0,0.012561769354633932
2023-02-21,20,0.0547945205479452,97,0.1838570062523156,-0.5559504102475485,2.9907647883882342,0.009062641562699428
2023-02-21,21,0.057534246575342465,74,0.19256088235465518,-0.5317773545894463,2.819217743920581,0.01013929101259955
2023-02-21,22,0.06027397260273973,94,0.19591006100950992,-0.5854497361252733,2.63228537386921,0.00792914829039448
2023-02-21,23,0.06301369863013699,77,0.19644888117895723,-0.5719970049249743,2.841019967786801,0.00804834736654294
2023-02-21,24,0.06575342465753424,558,0.184186977020197,-0.3976363586462819,3.0,0.029279461442271573
2023-02-21,27,0.07397260273972603,96,0.18818204446042902,-0.5657321949776063,2.494964694337701,0.008280387841001557
2023-02-21,28,0.07671232876712329,54,0.1880520010048847,-0.5459721242671528,2.491027270758627,0.007915459167593935
2023-02-21,29,0.07945205479452055,53,0.20137344060484424,-0.599175938507822,2.2544229260194046,0.006346502892248267
2023-02-21,30,0.0821917808219178,57,0.2023082790653401,-0.6118161882636703,2.531755328534918,0.008436647561606246
2023-02-21,31,0.08493150684931507,152,0.20115924933385862,-0.6360938966197992,2.343563139029131,0.007586088293285425
2023-02-21,38,0.10410958904109589,344,0.1884356947435362,-0.5990219741166868,2.419101809743333,0.010489777305077668
2023-02-21,52,0.14246575342465753,96,0.19607765903106672,-0.6826299194805613,1.9764144473405432,0.005036468570904009
2023-02-21,59,0.16164383561643836,560,0.18763655277737454,-0.6506072372781484,2.1867240942669732,0.01128654519845421
2023-02-21,66,0.18082191780821918,284,0.1892877816100906,-0.6906921732632424,2.0552706356546406,0.010480354746934213
2023-02-21,87,0.23835616438356164,510,0.18952726547003046,-0.6761583211085999,1.7772010097830668,0.008253806575243794
2023-02-21,99,0.27123287671232876,187,0.19031033708258674,-0.7051413406315346,1.5637434046061809,0.004383891482845847
2023-02-21,115,0.3150684931506849,473,0.19128981352613655,-0.7052086438865562,1.5556044549876513,0.006432626046232441
2023-02-21,129,0.35342465753424657,318,0.18821755273320323,-0.6903854367370609,1.5515222057436018,0.008883433846137972
2023-02-21,150,0.410958904109589,401,0.19089065541524544,-0.718891994232706,1.4431337118540495,0.007960641506082828
2023-02-21,160,0.4383561643835616,124,0.19205220185223507,-0.7190295410547454,1.3744359405935158,0.006556735612045945
2023-02-21,178,0.4876712328767123,121,0.19070110576351618,-0.7370739073415575,1.3130022155629277,0.008049684527906631
2023-02-22,2,0.005479452054794521,112,0.2641689729032175,0.1,3.0,0.12809492088213145
2023-02-22,5,0.0136986301369863,97,0.15752535165066964,0.1,3.0,0.047885997675323255
2023-02-22,6,0.01643835616438356,150,0.17346670386512775,0.1,3.0,0.05716122430631881
2023-02-22,7,0.019178082191780823,105,0.15600579479586285,-0.08141266308726071,3.0,0.027423798101994502
2023-02-22,8,0.021917808219178082,114,0.1635297516946543,-0.04172526153302117,3.0,0.03714603300932145
2023-02-22,9,0.024657534246575342,132,0.1665349001594288,-0.24280537371851357,3.0,0.025701195312090773
2023-02-22,12,0.03287671232876712,117,0.1517021903608993,-0.313511430535979,3.0,0.020963409348236657
2023-02-22,13,0.03561643835616438,113,0.1640087541010094,-0.3019571345577788,3.0,0.021060759508511086
2023-02-22,14,0.038356164383561646,105,0.16668684934812925,-0.43797469709649556,3.0,0.013692730074457595
2023-02-22,15,0.0410958904109589,103,0.16889161491257781,-0.37792402647214407,2.9650066332121203,0.01769467444154893
2023-02-22,16,0.043835616438356165,149,0.17556733039868294,-0.4120534579243692,2.6524312313398255,0.020661417564648874
2023-02-22,19,0.052054794520547946,112,0.16976968618432522,-0.48061895800284643,2.74124108702591,0.013883591055885616
2023-02-22,20,0.0547945205479452,106,0.1817675694421955,-0.4541048694101712,2.47466132795689,0.014511246981935578
2023-02-22,21,0.057534246575342465,109,0.185269557721521,-0.5318345881047349,2.1803272257037336,0.013505771793763029
2023-02-22,22,0.06027397260273973,95,0.18574722359535212,-0.4682752640807209,2.370824104093519,0.013514422617407243
2023-02-22,23,0.06301369863013699,558,0.1642966619993801,-0.27543866894846136,3.0,0.0354151169593727
2023-02-22,26,0.07123287671232877,111,0.17901102943040356,-0.5175401646927005,2.189986482565465,0.012429960260165003
2023-02-22,27,0.07397260273972603,86,0.18279193809645208,-0.4611543496666836,1.9275250100447188,0.013551240013774116
2023-02-22,28,0.07671232876712329,53,0.19165846676436266,-0.5331991098584792,1.8829274517545886,0.010803521051220582
2023-02-22,29,0.07945205479452055,57,0.1942982676684629,-0.5204224279877059,1.9914262741482553,0.011077825435143058
2023-02-22,30,0.0821917808219178,152,0.19260543573303388,-0.6017963824115324,2.006816684258573,0.01244805451054131
2023-02-22,37,0.10136986301369863,344,0.18126744912692147,-0.5184714492696827,2.0800162902421495,0.016016241380175503
2023-02-22,51,0.13972602739726028,104,0.19024354800495236,-0.6748555567825238,1.6748914295827444,0.005216804005296727
2023-02-22,58,0.1589041095890411,573,0.18087281022309243,-0.5951925740899423,1.9467708152631285,0.01157868585383014
2023-02-22,65,0.1780821917808219,289,0.18694943634909214,-0.7036439009864551,1.7216031921170865,0.005866061609631989
2023-02-22,72,0.19726027397260273,77,0.19021927656527854,-0.6999324790237175,1.7888395107866657,0.007552111815402223
2023-02-22,86,0.2356164383561644,551,0.1846823402263639,-0.6317757511111965,1.5958185333898607,0.009194445551660756
2023-02-22,98,0.2684931506849315,189,0.18725556595406576,-0.7140489036617407,1.3269890437634548,0.005597234808536721
2023-02-22,114,0.31232876712328766,503,0.1874440016225637,-0.6758250642997562,1.3958457066695555,0.0071847168145564464
2023-02-22,128,0.3506849315068493,318,0.1893373873846601,-0.7309984171601367,1.3073909361380247,0.004978362057662982
2023-02-22,149,0.40821917808219177,401,0.18825491244594358,-0.7092849278421475,1.2748951748578832,0.006143146575489752
2023-02-22,159,0.43561643835616437,124,0.19397032827823849,-0.7772521784340889,1.0648503702615952,0.012607780152951255
2023-02-22,177,0.4849315068493151,193,0.19093861108920865,-0.7307365856878821,1.1645616291784409,0.0042373007792572085
2023-02-23,4,0.010958904109589041,84,0.16341421682263052,0.1,3.0,0.06361193599059517
2023-02-23,5,0.0136986301369863,138,0.1862226680636081,0.1,3.0,0.07065186595885267
2023-02-23,6,0.01643835616438356,93,0.1650027052282211,-0.14552584235610927,3.0,0.033172167124055664
2023-02-23,7,0.019178082191780823,100,0.1693885977401306,-0.04489869109486834,3.0,0.044547006366531555
2023-02-23,8,0.021917808219178082,119,0.17202138316036866,-0.27492055670370485,3.0,0.029710253579333438
2023-02-23,11,0.030136986301369864,107,0.15540751666571767,-0.3780673403384452,3.0,0.02179093434019054
2023-02-23,12,0.03287671232876712,108,0.16664235935928834,-0.34417183514529914,3.0,0.023188791098013042
2023-02-23,13,0.03561643835616438,109,0.16818029113366448,-0.48953323302889307,3.0,0.011929495124879648
2023-02-23,14,0.038356164383561646,98,0.1710874625504285,-0.45283612067127516,3.0,0.014505827924837254
2023-02-23,15,0.0410958904109589,136,0.18036322628180954,-0.5247994847853593,3.0,0.015401439025831637
2023-02-23,18,0.049315068493150684,112,0.16780396797145103,-0.5236971580275062,3.0,0.009088209278036477
2023-02-23,19,0.052054794520547946,103,0.17871739808921777,-0.5153398269558042,3.0,0.008210670757592948
2023-02-23,20,0.0547945205479452,108,0.1811862239413643,-0.5673054292231542,2.8192847584541156,0.006249177138206044
2023-02-23,21,0.057534246575342465,92,0.18141247788006482,-0.536379557505314,2.904196129460015,0.007388638902725436
2023-02-23,22,0.06027397260273973,539,0.1803737812787637,-0.3642741250901143,3.0,0.03639109193874722
2023-02-23,25,0.0684931506849315,111,0.17434451433479206,-0.5694679513660241,2.6922664525860385,0.00587193241565046
2023-02-23,26,0.07123287671232877,81,0.17565458716194812,-0.5576855901118852,2.674951686722348,0.006122013521115917
2023-02-23,27,0.07397260273972603,90,0.18932923804971366,-0.6004134432618468,2.451958841287281,0.00481600417224263
2023-02-23,28,0.07671232876712329,57,0.189219455185839,-0.5953688418290819,2.565071222918488,0.007441403298405895
2023-02-23,29,0.07945205479452055,162,0.18821777686167693,-0.6327159178412685,2.5012764350917793,0.006920776406002927
2023-02-23,32,0.08767123287671233,50,0.18449805889970833,-0.6130084035001652,2.360102392736904,0.004653425047663432
2023-02-23,36,0.09863013698630137,325,0.17527017875873432,-0.6203814978104982,2.6929641730966694,0.011557448648595139
2023-02-23,42,0.11506849315068493,57,0.18123293478345961,-0.6765527669381043,2.272010937352715,0.006228991235141139
2023-02-23,50,0.136986301369863,103,0.1820439696521665,-0.6654604751351031,2.1863646406339083,0.007419030028832164
2023-02-23,57,0.15616438356164383,574,0.17352443804281983,-0.6580334314432413,2.369882774639816,0.015337796030601482
2023-02-23,64,0.17534246575342466,290,0.17335429804899208,-0.67462881757314,2.2852315883238195,0.01618311778972636
2023-02-23,71,0.19452054794520549,77,0.17321336938328563,-0.6805702448755335,2.509917140594247,0.022415059954618045
2023-02-23,85,0.2328767123287671,551,0.17850752775056858,-0.6848228147153733,1.8992405151073501,0.011406891033789819
2023-02-23,97,0.26575342465753427,262,0.17768285072272708,-0.6796525115659192,1.6595369111859533,0.007894024151219502
2023-02-23,113,0.3095890410958904,504,0.18059002155755524,-0.7064744832355626,1.6531799665805382,0.010004193984708873
2023-02-23,127,0.34794520547945207,319,0.17475315449930384,-0.654396054103047,1.679154191770801,0.012586946631115559
2023-02-23,148,0.4054794520547945,404,0.17896671550139254,-0.7049591798204657,1.558581612525091,0.012494540303231882
2023-02-23,158,0.4328767123287671,127,0.17487142761524144,-0.6456646530079913,1.6256086372636207,0.013661399960883579
2023-02-23,176,0.4821917808219178,195,0.18119747127313368,-0.7241094665139962,1.4039610806194884,0.01112701651950702
2023-02-24,4,0.010958904109589041,131,0.20412113686343272,0.1,3.0,0.10296975842998114
2023-02-24,5,0.0136986301369863,91,0.1494629077765326,0.1,3.0,0.0405861090690205
2023-02-24,6,0.01643835616438356,100,0.15379637095108026,0.1,3.0,0.05207368351951186
2023-02-24,7,0.019178082191780823,119,0.1506727850819107,0.1,3.0,0.03248812693427103
2023-02-24,10,0.0273972602739726,106,0.1348374248606601,-0.07235949166333838,3.0,0.024549366419361715
2023-02-24,11,0.030136986301369864,108,0.14812671707423633,-0.06372874824295018,3.0,0.02595737515680938
2023-02-24,12,0.03287671232876712,109,0.14961968302341885,-0.22117158986700783,2.9923334315452497,0.01785925242275263
2023-02-24,13,0.03561643835616438,103,0.1563473484274204,-0.23903903228499873,3.0,0.01686789659767094
2023-02-24,14,0.038356164383561646,136,0.16287064056974265,-0.3080528469059003,3.0,0.02036619894405618
2023-02-24,17,0.04657534246575343,112,0.15788461652275998,-0.3733767309410751,2.84266863425051,0.014670993834878044
2023-02-24,18,0.049315068493150684,103,0.17322018573329517,-0.3729626324142867,2.6493504635001712,0.014629021206914006
2023-02-24,19,0.052054794520547946,108,0.17729896200074588,-0.4459912952922508,2.391619839609371,0.011936013069368218
2023-02-24,20,0.0547945205479452,99,0.17817018881255048,-0.4024476522950699,2.5124233912849663,0.012657974269065042
2023-02-24,21,0.057534246575342465,531,0.15931746505342387,-0.15783525316522404,3.0,0.038785931614369246
2023-02-24,24,0.06575342465753424,111,0.17203835896223463,-0.4408053999803802,2.157726481311606,0.013833858605301499
2023-02-24,25,0.0684931506849315,81,0.17402068778024418,-0.41307759482474354,2.2406717883264586,0.011660811092555292
2023-02-24,26,0.07123287671232877,91,0.19059190232942783,-0.4517225735977825,1.6470186912606208,0.014660286848338625
2023-02-24,27,0.07397260273972603,81,0.1921429697848405,-0.43142321719480986,1.8369974831545182,0.012577275468957167
2023-02-24,28,0.07671232876712329,162,0.18762861704544603,-0.5310610273565666,1.9664764792038474,0.012299476706955062
2023-02-24,31,0.08493150684931507,50,0.1881857067344155,-0.45311307023077463,1.5278117174036812,0.011739111506162412
2023-02-24,32,0.08767123287671233,56,0.18565478196261165,-0.4464649063322284,1.8252278015397698,0.011875223995834957
2023-02-24,35,0.0958904109589041,324,0.17675005998160107,-0.4109934380317611,1.9333858017290646,0.019784189955989073
2023-02-24,41,0.11232876712328767,57,0.18679875164187598,-0.6030729653170138,1.7175116830716841,0.004639851447300144
2023-02-24,49,0.13424657534246576,103,0.18766553019305032,-0.6343079933467394,1.5767259914668061,0.0063347449495685226
2023-02-24,56,0.15342465753424658,574,0.17894075691980235,-0.5571573629851171,1.9146708648828403,0.0130753233838923
2023-02-24,63,0.1726027397260274,290,0.18552752444756615,-0.6730250762954336,1.7077912173018617,0.005897757652687624
2023-02-24,70,0.1917808219178082,77,0.18837043575454254,-0.6595732895116239,1.7375233291242846,0.008420856775079623
2023-02-24,84,0.23013698630136986,551,0.18375251601603637,-0.6008952765712187,1.5672963973936855,0.010694191640191862
2023-02-24,96,0.26301369863013696,262,0.18653944065351072,-0.700225361112632,1.2830443901035338,0.004501285686048459
2023-02-24,112,0.30684931506849317,504,0.18712184561954687,-0.65246232024547,1.3564562060374488,0.009136131354065167
2023-02-24,126,0.3452054794520548,319,0.18794337880252512,-0.7049844509586461,1.2955699595677441,0.007162884261261217
2023-02-24,147,0.40273972602739727,404,0.18786885670987435,-0.7019918452878912,1.2873419582223022,0.006418879217757478
2023-02-24,157,0.4301369863013699,127,0.18995402904071282,-0.7267500184818668,1.2227810364938856,0.006691882929397988
2023-02-24,175,0.4794520547945205,196,0.18999990562168118,-0.7178781594158107,1.1529121334179318,0.004552645409950823
2023-02-27,2,0.005479452054794521,91,0.2092437914713736,0.1,3.0,0.09093388257434908
2023-02-27,3,0.00821917808219178,101,0.20014970234749982,0.1,3.0,0.09465818237117457
2023-02-27,4,0.010958904109589041,122,0.18745477285227516,0.1,3.0,0.05459867399592151
2023-02-27,7,0.019178082191780823,106,0.14241869980784483,0.1,3.0,0.03378691458815806
2023-02-27,8,0.021917808219178082,108,0.1576729443202823,0.1,3.0,0.03473545279746269
2023-02-27,9,0.024657534246575342,111,0.15591858443604384,-0.13265538767936277,3.0,0.019630482030514606
2023-02-27,10,0.0273972602739726,107,0.16187211695352083,-0.1454875680729703,3.0,0.021457203989510037
2023-02-27,11,0.030136986301369864,144,0.168294625378076,-0.19985005241962447,3.0,0.022821539813908873
2023-02-27,14,0.038356164383561646,115,0.15706231420107436,-0.3096255201660413,3.0,0.015753895191487604
2023-02-27,15,0.0410958904109589,104,0.17427142839473891,-0.2980954120562925,2.7429432762869395,0.017176954143628013
2023-02-27,16,0.043835616438356165,110,0.17777622908770413,-0.39929340261788526,2.600912535640691,0.01224780111647604
2023-02-27,17,0.04657534246575343,101,0.1791680012948726,-0.33132046359073347,2.601616115463062,0.013882105201197825
2023-02-27,18,0.049315068493150684,554,0.1675293365839258,-0.050382775517554455,3.0,0.04412590751811262
2023-02-27,21,0.057534246575342465,114,0.17062544258239132,-0.4092315681279808,2.3845894382273953,0.01202028729029516
2023-02-27,22,0.06027397260273973,84,0.17400948230590124,-0.3405612559627878,2.1479155025834156,0.013588803127822503
2023-02-27,23,0.06301369863013699,93,0.19026193024522864,-0.44723299441421127,1.8861576020686033,0.010525854674120047
2023-02-27,24,0.06575342465753424,81,0.1908890776327117,-0.415497296961843,2.1540428934799616,0.011440971389154104
2023-02-27,25,0.0684931506849315,167,0.18667884913093952,-0.49916003183145724,2.1078670802207387,0.012084772156600376
2023-02-27,28,0.07671232876712329,51,0.1870609547076147,-0.4291934788585014,1.7060565741160592,0.010362898536250517
2023-02-27,29,0.07945205479452055,57,0.18516939003513308,-0.4314136480543893,1.8669289540033243,0.010987381252338143
2023-02-27,30,0.0821917808219178,52,0.18870929978700463,-0.5533583982689764,1.659153030655896,0.006590919120890776
2023-02-27,32,0.08767123287671233,338,0.17378403640096662,-0.46373120050745226,2.3002980611036947,0.01658441797054702
2023-02-27,38,0.10410958904109589,62,0.18191796232801505,-0.6008840539684752,1.8838645909571137,0.005748435906128081
2023-02-27,46,0.12602739726027398,148,0.18237243462232414,-0.6144186219967446,1.8649331386002235,0.006063200416813152
2023-02-27,53,0.14520547945205478,585,0.1717909329736913,-0.5623623566192935,2.1235922574107264,0.012087173187999293
2023-02-27,60,0.1643835616438356,296,0.1717102736080877,-0.6280833263757267,2.114072938705519,0.013096984654896657
2023-02-27,67,0.18356164383561643,97,0.1728609645394441,-0.6029081955750525,2.3100309565181094,0.018093875878319104
2023-02-27,81,0.2219178082191781,555,0.17944831913393844,-0.6062490432439613,1.656263147934097,0.009106014541148247
2023-02-27,93,0.2547945205479452,264,0.18100624799818377,-0.6760815097617277,1.3930767810814004,0.004841436768768358
2023-02-27,109,0.29863013698630136,505,0.1827557225520316,-0.6488788080986952,1.413703860550497,0.008124768220533816
2023-02-27,123,0.336986301369863,320,0.18175756115020955,-0.6795772578219216,1.4102550408784025,0.007191019216965523
2023-02-27,144,0.39452054794520547,408,0.18264354108232925,-0.6924956664228982,1.3624421782672944,0.008166644295716641
2023-02-27,154,0.42191780821917807,127,0.1805007107590087,-0.6602993927560412,1.4185438475811536,0.009170779814868298
2023-02-27,172,0.4712328767123288,198,0.18604194191165532,-0.7103974156900196,1.1997547692812263,0.00513086033333378
2023-02-27,200,0.547945205479452,131,0.18468948465174817,-0.7019099863874753,1.096153592827184,0.004704543708974037
